track_uri,track_name,album_name,duration_ms,danceability,energy,key,loudness,speechiness,acousticness,instrumentalness,liveness,valence,tempo
spotify:track:1bDbXMyjaUIooNwFE9wn0N,Rich Flex,Her Loss,239359,0.561,0.52,11,-9.342,0.244,0.0503,1.86e-06,0.355,0.424,153.15
spotify:track:46s57QULU02Voy0Kup6UEb,Major Distribution,Her Loss,170501,0.908,0.546,8,-10.491,0.323,0.0127,0.0,0.0707,0.225,131.016
spotify:track:34tz0eDhGuFErIuW3q4mPX,On BS,Her Loss,261543,0.841,0.358,9,-8.368,0.591,0.0201,0.0,0.39,0.329,158.014
spotify:track:0wshkEEcJUQU33RSRBb5dv,BackOutsideBoyz,Her Loss,152961,0.849,0.433,5,-8.434,0.316,0.0407,0.0,0.388,0.395,142.11
spotify:track:7l2nxyx7IkBX5orhkALg0V,Privileged Rappers,Her Loss,160821,0.934,0.614,5,-7.384,0.198,0.00274,0.0,0.123,0.616,144.045
spotify:track:2ZL7WZcjuYKi1KUDtp4kCC,Spin Bout U,Her Loss,214588,0.773,0.701,7,-6.386,0.0512,0.01,0.0,0.163,0.203,129.963
spotify:track:0sSRLXxknVTQDStgU1NqpY,Hours In Silence,Her Loss,399153,0.501,0.403,6,-11.106,0.119,0.234,0.0,0.267,0.111,118.352
spotify:track:4Flfb4fGscN9kXPOduQLrv,Treacherous Twins,Her Loss,180098,0.746,0.517,10,-7.582,0.327,0.0782,0.0,0.137,0.609,88.987
spotify:track:7GeTsDIc5ykNB6lORO6Cee,Circo Loco,Her Loss,236795,0.734,0.605,1,-8.476,0.0699,0.0102,0.0,0.317,0.252,103.976
spotify:track:2KLwPaRDOB87XOYAT2fgxh,Pussy & Millions (feat. Travis Scott),Her Loss,242026,0.749,0.63,4,-6.652,0.116,0.0623,0.0,0.353,0.445,122.03
spotify:track:45pUWUeEWGoSdH6UF162G8,Broke Boys,Her Loss,225439,0.642,0.533,2,-7.45,0.266,0.0104,0.000108,0.251,0.112,120.041
spotify:track:410TZrK18uRjtsTunG14cl,Middle of the Ocean,Her Loss,356389,0.466,0.703,4,-5.774,0.393,0.18,0.0,0.422,0.25,76.815
spotify:track:2ZlABhxMMa43COmZ97kKsJ,Jumbotron Shit Poppin,Her Loss,137151,0.799,0.575,6,-6.257,0.282,0.221,0.0,0.196,0.319,99.026
spotify:track:29YW2xXlo6Pc6M0SBTCXYN,More M’s,Her Loss,221406,0.704,0.504,1,-6.749,0.223,0.0405,0.000422,0.139,0.0713,82.537
spotify:track:1MTXYvJ9TSqg9x6WPCDx2n,3AM on Glenwood,Her Loss,178328,0.475,0.692,1,-8.327,0.398,0.0533,6.49e-06,0.18,0.241,181.167
spotify:track:31bsuKDOzFGzBAoXxtnAJm,I Guess It’s Fuck Me,Her Loss,263987,0.385,0.34,7,-11.754,0.051,0.499,1.2e-05,0.196,0.0398,83.947
spotify:track:1kNdtonJXHorsVpWerK8C2,Intro,"Honestly, Nevermind",36935,0.193,0.0218,0,-31.16,0.0389,0.955,0.88,0.117,0.213,125.501
spotify:track:1vbn9fEyw1IYhqgZJdu9ZB,Falling Back,"Honestly, Nevermind",266178,0.718,0.758,10,-8.29,0.0703,0.238,0.00653,0.11,0.349,118.989
spotify:track:4FIgHqXd4KkOwxrGeLDYM2,Texts Go Green,"Honestly, Nevermind",308820,0.765,0.627,0,-4.607,0.0622,0.000916,0.195,0.0847,0.536,118.997
spotify:track:1eCFz60zd7mAXgWLapPd9B,Currents,"Honestly, Nevermind",157390,0.883,0.283,0,-12.653,0.113,0.104,0.00167,0.0935,0.416,122.013
spotify:track:0nAZGkBGKQCXyaoSJfRhC1,A Keeper,"Honestly, Nevermind",173097,0.6,0.482,1,-11.596,0.0701,0.512,0.000104,0.115,0.323,121.909
spotify:track:7sT7kZEYd1MrmzLLIRVZas,Calling My Name,"Honestly, Nevermind",129964,0.826,0.276,11,-11.227,0.266,0.62,8.53e-05,0.118,0.484,123.985
spotify:track:4rmVZajAF7PkrCagGPHbqa,Sticky,"Honestly, Nevermind",243227,0.853,0.495,6,-14.63,0.14,0.0917,0.000217,0.0844,0.0774,137.027
spotify:track:28JBD8p18xNuOfyV7Cotdn,Massive,"Honestly, Nevermind",336924,0.499,0.671,4,-6.774,0.0561,0.114,0.0169,0.148,0.0557,124.994
spotify:track:6Yj7Zhxt73uvwFFvzQXdxO,Flight's Booked,"Honestly, Nevermind",254407,0.593,0.41,3,-13.097,0.0531,0.886,0.0993,0.115,0.201,122.584
spotify:track:7hRlTK3mgFTBEjX7DjqBsI,Overdrive,"Honestly, Nevermind",202451,0.502,0.645,2,-10.611,0.122,0.444,0.00964,0.107,0.518,109.739
spotify:track:3N3d4OWbPVxTQVBFqNyykk,Down Hill,"Honestly, Nevermind",250864,0.718,0.319,3,-11.261,0.0435,0.965,0.00036,0.0895,0.639,109.994
spotify:track:1XsRwo2it6QHdV2OiT6IzF,Tie That Binds,"Honestly, Nevermind",336005,0.775,0.688,4,-10.912,0.0593,0.0176,0.0917,0.108,0.284,120.017
spotify:track:2vy9Ry1TNjCD85TiCbTz0r,Liability,"Honestly, Nevermind",237932,0.557,0.706,0,-6.592,0.0649,0.268,0.0,0.132,0.582,105.013
spotify:track:3F5CgOj3wFlRv51JsHbxhe,Jimmy Cooks (feat. 21 Savage),"Honestly, Nevermind",218364,0.529,0.673,0,-4.711,0.175,0.000307,2.41e-06,0.093,0.366,165.921
spotify:track:2HSmyk2qMN8WQjuGhaQgCk,Champagne Poetry,Certified Lover Boy,336511,0.423,0.667,6,-7.012,0.326,0.758,0.0,0.246,0.496,86.743
spotify:track:6jy9yJfgCsMHdu2Oz4BGKX,Papi’s Home,Certified Lover Boy,178623,0.701,0.741,2,-6.157,0.313,0.112,0.0,0.699,0.588,140.177
spotify:track:37Nqx7iavZpotJSDXZWbJ3,Girls Want Girls (with Lil Baby),Certified Lover Boy,221979,0.767,0.438,7,-8.726,0.29,0.181,0.0,0.142,0.381,86.975
spotify:track:61S79KIVA4I9FXbnsylEHT,In The Bible (with Lil Durk & Giveon),Certified Lover Boy,296568,0.686,0.385,7,-8.35,0.297,0.614,0.0,0.131,0.147,143.07
spotify:track:4VCbgIdr8ptegWeJpqLVHH,Love All (with JAY-Z),Certified Lover Boy,228461,0.73,0.576,2,-5.442,0.287,0.354,3.59e-05,0.15,0.155,92.131
spotify:track:40iJIUlhi6renaREYGeIDS,Fair Trade (with Travis Scott),Certified Lover Boy,291175,0.666,0.465,1,-8.545,0.26,0.0503,0.0,0.215,0.292,167.937
spotify:track:0k1WUmIRnG3xU6fvvDVfRG,Way 2 Sexy (with Future & Young Thug),Certified Lover Boy,257604,0.803,0.597,11,-6.035,0.141,0.000619,4.5e-06,0.323,0.331,136.008
spotify:track:4s7QLoImIwmPi9L6dq1nVW,TSU,Certified Lover Boy,308755,0.568,0.56,9,-9.059,0.42,0.228,3.05e-06,0.39,0.246,130.019
spotify:track:34D6FJysnQioVingDKufuf,N 2 Deep,Certified Lover Boy,273577,0.507,0.429,2,-7.726,0.326,0.0518,0.0,0.109,0.0744,91.0
spotify:track:11pEKMLmavDu8fxOB5QjbQ,Pipe Down,Certified Lover Boy,205721,0.518,0.69,9,-6.15,0.107,0.128,0.0,0.176,0.59,77.837
spotify:track:1PDP7mLiAMwhfmgIwzhOm2,Yebba’s Heartbreak,Certified Lover Boy,133762,0.476,0.161,8,-11.665,0.0407,0.967,0.0381,0.109,0.0908,119.614
spotify:track:2tUL6dZf1mywCj5WvCPZw6,No Friends In The Industry,Certified Lover Boy,204346,0.84,0.744,1,-4.751,0.113,0.0181,0.0,0.629,0.171,83.737
spotify:track:2BcMwX1MPV6ZHP4tUT9uq6,Knife Talk (with 21 Savage ft. Project Pat),Certified Lover Boy,242965,0.849,0.424,5,-9.579,0.324,0.0635,0.0,0.0834,0.153,145.887
spotify:track:42m3eP1JJhtzffal9B136J,7am On Bridle Path,Certified Lover Boy,239635,0.724,0.531,5,-4.108,0.298,0.225,0.0,0.11,0.141,89.901
spotify:track:2Q3jFbyE61mCjS3SkW4toJ,Race My Mind,Certified Lover Boy,269883,0.488,0.635,10,-7.19,0.26,0.179,8.16e-06,0.156,0.783,174.072
spotify:track:08XWh5c0BMyD1nKVxxl91z,Fountains (with Tems),Certified Lover Boy,192417,0.843,0.485,10,-8.735,0.195,0.181,0.0675,0.107,0.689,100.053
spotify:track:5ScbulRnixQ2XAdvrPMFjz,Get Along Better,Certified Lover Boy,229303,0.32,0.466,8,-6.77,0.0374,0.00645,0.0,0.133,0.338,177.693
spotify:track:50ceCGZ3oD3U5caQV5bP6f,You Only Live Twice (with Lil Wayne & Rick Ross),Certified Lover Boy,213103,0.519,0.851,7,-6.001,0.29,0.118,0.0,0.178,0.711,123.823
spotify:track:7F9cT6hIRhnFCYP6GKS0tf,IMY2 (with Kid Cudi),Certified Lover Boy,252378,0.59,0.493,7,-8.704,0.0367,0.402,0.00504,0.129,0.0498,150.026
spotify:track:3RkNXZvOSMMElmmXztDc94,F*****g Fans,Certified Lover Boy,245131,0.783,0.416,4,-9.84,0.135,0.213,0.0,0.103,0.165,87.073
spotify:track:1cCXT1cErAY6tmIqHbodrt,The Remorse,Certified Lover Boy,351220,0.473,0.53,0,-8.506,0.249,0.812,6.92e-06,0.227,0.637,74.732
spotify:track:3IvMYBE7A3c7to1aEcfFJk,Deep Pockets,Dark Lane Demo Tapes,222928,0.473,0.824,7,-3.68,0.163,0.482,0.0,0.605,0.374,77.888
spotify:track:5TCBWmEBrin7etRa4Lswr1,When To Say When,Dark Lane Demo Tapes,223124,0.41,0.82,1,-6.808,0.533,0.252,0.0,0.538,0.526,170.718
spotify:track:4wVOKKEHUJxHCFFNUWDn0B,Chicago Freestyle (feat. Giveon),Dark Lane Demo Tapes,220487,0.735,0.449,10,-7.507,0.347,0.629,0.0,0.113,0.0397,122.947
spotify:track:3Q4gttWQ6hxqWOa3tHoTNi,Not You Too (feat. Chris Brown),Dark Lane Demo Tapes,269680,0.458,0.452,9,-9.299,0.047,0.342,1.94e-05,0.0703,0.316,86.318
spotify:track:466cKvZn1j45IpxDdYZqdA,Toosie Slide,Dark Lane Demo Tapes,247058,0.83,0.49,1,-8.82,0.209,0.289,3.04e-06,0.113,0.845,81.604
spotify:track:7eYAHC0RbBF9eaqWzT34Aq,Desires (with Future),Dark Lane Demo Tapes,237945,0.812,0.506,5,-7.706,0.116,0.281,0.0,0.325,0.554,145.074
spotify:track:5H4mXWKcicuLKDn4Jy0sK7,Time Flies,Dark Lane Demo Tapes,192931,0.864,0.477,10,-5.786,0.224,0.201,0.0,0.182,0.5,86.46
spotify:track:3KixNgUEaDtrKJVzdqjU5q,Landed,Dark Lane Demo Tapes,152195,0.881,0.636,7,-4.629,0.287,0.00606,0.0,0.111,0.715,163.949
spotify:track:5fHrHoJKfCgBd35zwIBmUK,D4L,Dark Lane Demo Tapes,189176,0.718,0.706,1,-5.709,0.06,0.0128,0.0,0.352,0.815,170.004
spotify:track:6Kj17Afjo1OKJYpf5VzCeo,Pain 1993 (with Playboi Carti),Dark Lane Demo Tapes,149077,0.825,0.373,5,-5.532,0.108,0.163,0.0,0.368,0.12,77.271
spotify:track:6fLVTVaHWaEfVKfEgbkf4D,Losses,Dark Lane Demo Tapes,271183,0.551,0.57,1,-7.385,0.351,0.28,0.0,0.424,0.505,85.687
spotify:track:0YkUwXxnTkeJBvt5upeEtP,From Florida With Love,Dark Lane Demo Tapes,234782,0.787,0.477,6,-7.837,0.199,0.768,0.0,0.104,0.476,80.506
spotify:track:05aZ9sAU1YXndHv0FMi9iW,Demons (feat. Fivio Foreign & Sosa Geek),Dark Lane Demo Tapes,204805,0.543,0.766,0,-3.387,0.343,0.423,0.0,0.155,0.729,106.869
spotify:track:1I55Ea0zVoSKs6MqW7DQ3i,War,Dark Lane Demo Tapes,180000,0.749,0.792,10,-4.151,0.0826,0.292,0.0,0.109,0.239,144.064
spotify:track:1qyFlfPREPbRcS2BNszdYI,Dreams Money Can Buy,Care Package,253803,0.423,0.587,6,-6.635,0.529,0.765,0.0,0.114,0.33,180.331
spotify:track:0Tacxc5lDJ8LwiO1pWNSl8,The Motion,Care Package,240956,0.631,0.788,4,-7.142,0.102,0.371,0.000317,0.108,0.544,157.769
spotify:track:4n4BflhWjCHIxrI4v7Xt9s,How Bout Now,Care Package,235566,0.789,0.404,1,-8.364,0.23,0.205,0.0,0.219,0.472,122.062
spotify:track:4Wjhj0WjkyECccfHVIgaTq,Trust Issues,Care Package,281518,0.421,0.539,11,-5.456,0.274,0.779,0.0,0.111,0.523,89.177
spotify:track:4czcw3NVLY0of5hTD7OufN,Days in The East,Care Package,353697,0.733,0.361,1,-11.129,0.135,0.348,0.000285,0.0942,0.0361,94.902
spotify:track:3W3FVHEDetkiRkkGKDmdir,Draft Day,Care Package,266325,0.673,0.81,8,-3.793,0.36,0.0322,0.0,0.133,0.564,166.084
spotify:track:6C9SwoZ5OrxcvkntgA5t8s,4pm in Calabasas,Care Package,240217,0.743,0.66,4,-4.802,0.418,0.115,0.0,0.101,0.549,192.031
spotify:track:0FnxK9FEAQyPJ284QcieNb,5 Am in Toronto,Care Package,205264,0.555,0.88,11,-4.325,0.265,0.0678,0.0,0.0723,0.391,87.195
spotify:track:3sMC6vfTTSa0mMAPTwzDVD,I Get Lonely,Care Package,253561,0.477,0.501,11,-9.178,0.0398,0.706,5.61e-06,0.0953,0.689,81.376
spotify:track:4alHkxxwAhvoGg3dJCATKV,My Side,Care Package,294650,0.549,0.495,6,-5.661,0.133,0.603,7.26e-06,0.0979,0.385,81.012
spotify:track:2xUHiyGeGrWmmfv7NbDTWC,Jodeci Freestyle (feat. J. Cole),Care Package,254022,0.498,0.844,2,-2.834,0.268,0.0111,0.0,0.102,0.282,88.435
spotify:track:6MR5IBSNfDmiwnrlQpVw4w,Club Paradise,Care Package,283816,0.338,0.729,6,-6.419,0.102,0.758,3.24e-05,0.18,0.543,184.174
spotify:track:18t8ypY0HYaQuGBxg2KdT2,Free Spirit (feat. Rick Ross),Care Package,252884,0.508,0.748,1,-4.997,0.33,0.281,0.0,0.168,0.225,100.414
spotify:track:27Tqjd2nMW2mIp6Yk1ovwY,Heat Of The Moment,Care Package,343455,0.641,0.454,5,-8.344,0.133,0.179,0.000116,0.065,0.302,78.036
spotify:track:56NDFbD0tCUawnqeU2wcvv,Girls Love Beyoncé (feat. James Fauntleroy),Care Package,225011,0.619,0.489,11,-11.25,0.46,0.782,0.0,0.106,0.328,126.046
spotify:track:73IE87H0g2MBmdn41lkVto,Paris Morton Music,Care Package,251239,0.505,0.494,10,-8.635,0.315,0.414,7.98e-05,0.105,0.141,171.978
spotify:track:3e0ZGE7Gp034iLknjQk4QW,Can I,Care Package,189289,0.643,0.178,4,-8.56,0.0588,0.484,0.0108,0.122,0.0674,85.042
spotify:track:2yg9UN4eo5eMVJ7OB4RWj3,Survival,Scorpion,136186,0.555,0.596,9,-9.09,0.375,0.133,0.0,0.123,0.145,77.324
spotify:track:0TlLq3lA83rQOYtrqBqSct,Nonstop,Scorpion,238614,0.912,0.412,7,-8.074,0.123,0.0165,0.0126,0.104,0.423,154.983
spotify:track:3szf2z1Cy1QMrtHrbn8rz9,Elevate,Scorpion,184960,0.758,0.474,1,-8.72,0.147,0.0152,0.0,0.116,0.0542,76.061
spotify:track:5Psnhdkyanjpgc2P8A5TSM,Emotionless,Scorpion,302173,0.414,0.677,1,-5.12,0.254,0.0248,0.0,0.0793,0.0853,172.521
spotify:track:6DCZcSspjsKoFjzjrWoCdn,God's Plan,Scorpion,198973,0.754,0.449,7,-9.211,0.109,0.0332,8.29e-05,0.552,0.357,77.169
spotify:track:3qN5qMTKyEEmiTZD38BNTT,I'm Upset,Scorpion,214466,0.899,0.586,11,-7.866,0.343,0.279,0.0,0.0836,0.492,150.002
spotify:track:0zqy3ss4CwD6u4QPksS0nI,8 Out Of 10,Scorpion,195720,0.527,0.689,2,-7.87,0.741,0.161,0.0,0.498,0.31,170.538
spotify:track:7rC5Pl8rQSX4myONQHYPBK,Mob Ties,Scorpion,205146,0.754,0.575,4,-8.393,0.0682,0.045,0.00131,0.276,0.491,86.009
spotify:track:1dUHF4RyMmMTveJ0Rby6Xm,Can’t Take A Joke,Scorpion,163974,0.761,0.598,10,-7.249,0.182,0.126,0.0,0.0839,0.446,173.897
spotify:track:6cblRiEGDRNZgowcm951R3,Sandra’s Rose,Scorpion,216333,0.486,0.849,1,-5.432,0.246,0.0481,0.0,0.143,0.519,152.086
spotify:track:4ksuI04WMvUnJbHQjgs3L5,Talk Up (feat. Jay-Z),Scorpion,223240,0.758,0.491,11,-9.877,0.138,0.00354,6.5e-06,0.292,0.334,140.121
spotify:track:1Tnw0ItH1Macok8gblnPPd,Is There More,Scorpion,226906,0.708,0.547,1,-7.607,0.314,0.727,0.0,0.159,0.549,83.8
spotify:track:11L064movtyopGdLiX4sVg,Peak,Scorpion,206026,0.687,0.218,9,-13.539,0.0388,0.85,0.000125,0.106,0.269,91.991
spotify:track:4HG1YiGBseVKzjyKcmAJen,Summer Games,Scorpion,247893,0.776,0.482,1,-11.269,0.0357,0.477,0.0456,0.11,0.134,136.008
spotify:track:4c2xt1trwYZpMqPWY35Xi9,Jaded,Scorpion,262453,0.764,0.271,0,-5.697,0.0414,0.037,0.0,0.175,0.0371,116.019
spotify:track:3CA9pLiwRIGtUBiMjbZmRw,Nice For What,Scorpion,210746,0.585,0.909,8,-6.474,0.0707,0.0891,9.7e-05,0.119,0.758,93.372
spotify:track:2WP8G2pdddDmnh1xbfKBOI,Finesse,Scorpion,182080,0.807,0.319,0,-8.152,0.0581,0.133,0.000338,0.101,0.299,94.992
spotify:track:4SUwJA3eUVNHExxMPEUhQe,Ratchet Happy Birthday,Scorpion,207306,0.657,0.571,2,-12.519,0.139,0.11,0.00123,0.0735,0.622,167.958
spotify:track:41a7dZcq30Ss5kPMayWRV0,That’s How You Feel,Scorpion,157605,0.85,0.473,10,-5.747,0.209,0.117,0.0103,0.108,0.38,85.454
spotify:track:4n1bdaKwynQndm47x5HqWX,Blue Tint,Scorpion,162800,0.889,0.372,7,-10.254,0.357,0.013,0.0,0.184,0.123,133.997
spotify:track:2G7V7zsVDxg1yRsu7Ew9RJ,In My Feelings,Scorpion,217925,0.835,0.626,1,-5.833,0.125,0.0589,6e-05,0.396,0.35,91.03
spotify:track:6G8kHiVZ1jW7vHMPVRNZU0,Don’t Matter To Me (with Michael Jackson),Scorpion,245786,0.822,0.318,10,-12.391,0.0575,0.493,0.0128,0.11,0.138,102.998
spotify:track:3mvYQKm8h6M5K5h0nVPY9S,After Dark (feat. Static Major & Ty Dolla $ign),Scorpion,289560,0.687,0.429,2,-13.075,0.192,0.0407,0.0,0.142,0.336,141.966
spotify:track:44Du2IM1bGY7dicmLfXbUs,Final Fantasy,Scorpion,219960,0.5,0.449,0,-10.977,0.442,0.422,7.96e-06,0.115,0.104,144.206
spotify:track:09lmraDvzBT3pUQ2rUtJzK,March 14,Scorpion,309560,0.558,0.414,10,-7.355,0.358,0.405,0.0,0.36,0.318,127.094
spotify:track:05KOgYg8PGeJyyWBPi5ja8,Free Smoke,More Life,218673,0.736,0.491,10,-6.892,0.439,0.0681,0.0,0.571,0.203,141.979
spotify:track:6CfrYuD3YRDYdYvH9jNtXY,No Long Talk,More Life,149568,0.913,0.608,10,-6.839,0.234,0.0671,0.0,0.533,0.578,97.063
spotify:track:5mCPDVBb16L4XQwDdbRUpz,Passionfruit,More Life,298940,0.809,0.463,11,-11.377,0.0396,0.256,0.085,0.109,0.364,111.98
spotify:track:13e6f8t7RKXuxZ0JdaaJRG,Jorja Interlude,More Life,107673,0.735,0.373,11,-10.478,0.104,0.762,0.00202,0.288,0.237,123.081
spotify:track:7y6c07pgjZvtHI9kuMVqk1,Get It Together,More Life,250337,0.781,0.721,5,-9.133,0.0514,0.0945,0.391,0.104,0.849,123.011
spotify:track:76gUmNLXGQVOsGhfcshkFP,Madiba Riddim,More Life,205162,0.839,0.521,7,-10.45,0.166,0.245,0.00545,0.607,0.33,105.992
spotify:track:2XlHu0HcujBCkWMdIAvrqt,Blem,More Life,216557,0.726,0.535,7,-7.804,0.0476,0.0533,1.38e-05,0.0984,0.375,98.067
spotify:track:2fkeWbM6iqTw7oGHTYm2lw,4422,More Life,186293,0.609,0.229,11,-12.36,0.0333,0.558,0.0413,0.113,0.19,111.887
spotify:track:6UjfByV1lDLW0SOVQA4NAi,Gyalchester,More Life,189229,0.877,0.391,1,-8.196,0.063,0.0317,0.000502,0.0945,0.122,131.018
spotify:track:2dfqS3MRtbLZSZA1IL8xY5,Skepta Interlude,More Life,143213,0.745,0.822,7,-6.354,0.252,0.0103,4.2e-06,0.155,0.415,86.733
spotify:track:2bjwRfXMk4uRgOD9IBYl9h,Portland,More Life,236614,0.925,0.443,1,-8.216,0.264,0.0172,0.0,0.276,0.35,136.078
spotify:track:0xl1w2q4VLojeXp4JfazPL,Sacrifices,More Life,307593,0.903,0.439,8,-11.813,0.397,0.0407,0.0,0.138,0.532,139.112
spotify:track:6MbH1QiphMCPTqVEVC7UYi,Nothings Into Somethings,More Life,153724,0.766,0.234,11,-7.544,0.159,0.332,0.00156,0.358,0.256,96.882
spotify:track:6n3HGiq4v35D6eFOSwqYuo,Teenage Fever,More Life,219692,0.766,0.283,8,-10.33,0.0846,0.111,0.0172,0.115,0.144,97.04
spotify:track:2jTujnt0y344ai1rNOywgr,KMT,More Life,162637,0.875,0.6,1,-6.818,0.0435,0.0189,0.0143,0.132,0.0906,119.987
spotify:track:2Na0z2gfN67Rzf0vp74Wi3,Lose You,More Life,305373,0.526,0.583,4,-9.172,0.376,0.699,0.0,0.372,0.378,89.837
spotify:track:5f5r2N4Lp9WoULWPH9zp2W,Can't Have Everything,More Life,228437,0.856,0.572,1,-8.429,0.373,0.0136,1.55e-06,0.121,0.454,82.445
spotify:track:28irpKCCK9nn9DZSik2zEx,Glow,More Life,206119,0.688,0.384,9,-8.824,0.375,0.2,0.0,0.708,0.432,162.098
spotify:track:5JUu0unA8VwhTZ9LkMWUVI,Since Way Back,More Life,368035,0.468,0.266,0,-11.121,0.13,0.348,9.55e-06,0.209,0.222,153.294
spotify:track:343YBumqHu19cGoGARUTsd,Fake Love,More Life,210937,0.928,0.481,9,-9.35,0.287,0.105,0.0,0.176,0.613,134.007
spotify:track:7bJ4mu7MHa3rHiNyKjOoSl,Ice Melts,More Life,250770,0.813,0.551,6,-7.605,0.353,0.08,0.0,0.386,0.598,124.957
spotify:track:2KvHC9z14GSl4YpkNMX384,Do Not Disturb,More Life,283550,0.618,0.693,7,-5.943,0.45,0.246,0.0,0.112,0.454,170.982
spotify:track:7sBwAWyXfiIgrYQ8BaJESH,Keep The Family Close,Views,328906,0.378,0.566,9,-7.685,0.0482,0.149,0.0,0.382,0.196,87.691
spotify:track:1C7KSXR2GVxknex6I4ANco,9,Views,255786,0.68,0.712,10,-7.184,0.0453,0.000803,0.000612,0.237,0.0379,100.009
spotify:track:03L2AoiRbWhvt7BDMx1jUB,U With Me?,Views,297373,0.429,0.43,2,-11.373,0.165,0.338,1.18e-05,0.138,0.125,174.983
spotify:track:3cjF2OFRmip8spwZYQRKxP,Feel No Ways,Views,240653,0.582,0.677,7,-7.081,0.172,0.0312,6.6e-06,0.122,0.205,193.818
spotify:track:5NFYuqu8V6QXc6mzcLImd6,Hype,Views,209413,0.787,0.635,4,-8.271,0.155,0.0253,0.0,0.357,0.237,130.018
spotify:track:4PA16FAl8LPmFmOhARawdV,Weston Road Flows,Views,253533,0.623,0.74,1,-6.942,0.307,0.0635,0.0,0.366,0.35,82.877
spotify:track:4cRBqWBjuccCowYVHFlXK6,Redemption,Views,333946,0.694,0.314,0,-7.82,0.116,0.611,2.07e-06,0.117,0.341,119.905
spotify:track:3aJkV6DUTSCqOwVwaBDG9B,With You,Views,195053,0.878,0.406,1,-9.961,0.248,0.134,0.000234,0.112,0.784,128.014
spotify:track:2qLcJOLrh6Djda4uLbldSA,Faithful,Views,290133,0.536,0.449,1,-10.499,0.103,0.11,1.49e-05,0.284,0.171,99.889
spotify:track:433P7tDcIAi6NLnf4Sh6tI,Still Here,Views,189853,0.834,0.433,0,-9.607,0.174,0.0258,0.0,0.633,0.229,133.938
spotify:track:3O8NlPh2LByMU9lSRSHedm,Controlla,Views,245226,0.59,0.468,10,-11.083,0.185,0.0789,0.0,0.101,0.349,92.287
spotify:track:1zi7xx7UVEFkmKfv06H8x0,One Dance,Views,173986,0.792,0.625,1,-5.609,0.0536,0.00776,0.0018,0.329,0.37,103.967
spotify:track:5e574bhjycX1eH2l4Auage,Grammys,Views,220426,0.676,0.432,1,-9.51,0.502,0.00163,3.84e-06,0.0799,0.12,145.869
spotify:track:3NxAG2ni1lLa8RKL6a0INc,Childs Play,Views,241400,0.746,0.475,10,-11.243,0.113,0.0175,1.1e-05,0.197,0.292,80.006
spotify:track:5mPSyjLatqB00IkPqRlbTE,Pop Style,Views,212946,0.713,0.462,7,-10.027,0.123,0.192,2.16e-06,0.105,0.0594,133.053
spotify:track:3BtuIIrQlkujKPuWF2B85z,Too Good,Views,263373,0.794,0.653,7,-7.839,0.104,0.0489,4.88e-05,0.1,0.397,117.996
spotify:track:3ppVO2tyWRRznNmONvt7Se,Summers Over Interlude,Views,106333,0.699,0.255,4,-8.647,0.0303,0.405,0.00242,0.0985,0.242,132.031
spotify:track:4BhGTc3Cgay2U1QcTS7vQe,Fire & Desire,Views,238120,0.722,0.252,1,-14.411,0.0761,0.0671,0.0,0.0852,0.275,79.923
spotify:track:7MjSipTto9QljYzZnloXOn,Views,Views,311960,0.395,0.852,5,-5.896,0.37,0.0657,0.0,0.262,0.112,76.428
spotify:track:0wwPcA6wtMf6HUMpIRdeP7,Hotline Bling,Views,267066,0.891,0.628,2,-7.863,0.0551,0.00258,0.00019,0.0504,0.552,134.966
spotify:track:0GR7iJLhj80KD5LkA14ZRn,Digital Dash,What A Time To Be Alive,231231,0.881,0.546,2,-7.566,0.12,0.00296,4.72e-06,0.226,0.276,140.032
spotify:track:7jslhIiELQkgW9IHeYNOWE,Big Rings,What A Time To Be Alive,217706,0.776,0.675,8,-6.224,0.266,0.00196,0.0,0.227,0.27,131.984
spotify:track:2uTG00P1DkhB97pdITkl2O,Live From The Gutter,What A Time To Be Alive,211642,0.824,0.49,7,-8.391,0.429,0.0369,1.24e-06,0.0807,0.307,165.948
spotify:track:2AGottAzfC8bHzF7kEJ3Wa,Diamonds Dancing,What A Time To Be Alive,314631,0.51,0.358,1,-10.847,0.0467,0.125,3.74e-05,0.111,0.171,136.036
spotify:track:0B5OTb36fzLayn6XQHg5A1,Scholarships,What A Time To Be Alive,209287,0.739,0.416,0,-9.319,0.285,0.0966,1.27e-05,0.1,0.259,109.168
spotify:track:76kyKtPLsFbQkdQ86QrkF4,Plastic Bag,What A Time To Be Alive,202084,0.845,0.479,1,-6.065,0.298,0.0104,1.79e-06,0.157,0.35,170.919
spotify:track:6bqtKURdSWkInAJHDkuaL0,I'm The Plug,What A Time To Be Alive,180000,0.828,0.55,5,-9.158,0.255,0.000379,0.0016,0.134,0.254,160.016
spotify:track:4gowy3WT6D1yhMLgRBlf9C,Change Locations,What A Time To Be Alive,220862,0.787,0.329,0,-9.991,0.391,0.0207,2.95e-06,0.118,0.209,137.85
spotify:track:27GmP9AWRs744SzKcpJsTZ,Jumpman,What A Time To Be Alive,205879,0.852,0.553,1,-7.286,0.187,0.0559,0.0,0.332,0.656,142.079
spotify:track:2ACys0pX0SjmpQmQWzp7wt,Jersey,What A Time To Be Alive,188702,0.758,0.526,5,-10.81,0.255,0.513,0.000457,0.0913,0.312,146.054
spotify:track:1DmnEYXa4WfbdhAPwNzgD8,30 for 30 Freestyle,What A Time To Be Alive,253934,0.744,0.619,4,-9.143,0.398,0.671,0.0,0.123,0.317,89.252
spotify:track:1ID1QFSNNxi0hiZCNcwjUC,Legend,If You're Reading This It's Too Late,241853,0.714,0.563,1,-7.574,0.0723,0.0266,0.0,0.0776,0.31,100.091
spotify:track:79XrkTOfV1AqySNjVlygpW,Energy,If You're Reading This It's Too Late,181933,0.747,0.571,11,-7.916,0.478,0.38,0.0,0.534,0.553,172.104
spotify:track:12d5QFwzh60IIHlsSnAvps,10 Bands,If You're Reading This It's Too Late,177733,0.825,0.756,11,-3.687,0.383,0.265,2.15e-06,0.0762,0.888,172.938
spotify:track:5InOp6q2vvx0fShv3bzFLZ,Know Yourself,If You're Reading This It's Too Late,275840,0.72,0.412,11,-8.687,0.223,0.196,0.0,0.342,0.179,114.408
spotify:track:2durxb17bXcmQJHSt8JAdO,No Tellin',If You're Reading This It's Too Late,310933,0.823,0.467,0,-10.394,0.301,0.543,1.06e-06,0.135,0.618,95.026
spotify:track:4v7SAP4KD96BFLWiCd1vF0,Madonna,If You're Reading This It's Too Late,177840,0.905,0.492,2,-8.598,0.0595,0.0149,3.77e-05,0.371,0.142,110.017
spotify:track:3a8tAZFJxlmBwOtrf5L1oC,6 God,If You're Reading This It's Too Late,180666,0.868,0.623,2,-8.595,0.101,0.0249,0.0,0.125,0.498,105.446
spotify:track:2mmUoyPxzbxehpfm1TpTRK,Star67,If You're Reading This It's Too Late,294973,0.521,0.392,3,-7.88,0.17,0.747,8.81e-06,0.198,0.166,91.939
spotify:track:1OHoBC4icbuNhpSxP400sv,Preach,If You're Reading This It's Too Late,236973,0.605,0.51,11,-8.094,0.423,0.165,8.8e-05,0.104,0.389,65.255
spotify:track:6oLHyWvmk6bKrA91EIYZBp,Wednesday Night Interlude,If You're Reading This It's Too Late,212280,0.312,0.466,9,-8.163,0.0509,0.729,7.34e-06,0.215,0.195,135.44
spotify:track:63p3Slj0shAFP0Q7dQetj5,Used To,If You're Reading This It's Too Late,268480,0.926,0.427,10,-7.584,0.105,0.0703,0.000337,0.0818,0.304,96.025
spotify:track:4kdfjhj9xNkYU0R8xlDy8k,6 Man,If You're Reading This It's Too Late,167653,0.568,0.535,4,-9.306,0.513,0.217,0.0,0.114,0.326,83.589
spotify:track:4zLOwx1yRJXWkHKt1XzF1p,Now & Forever,If You're Reading This It's Too Late,281320,0.555,0.481,6,-7.419,0.0322,0.124,0.0,0.101,0.098,107.793
spotify:track:6ImxYXeLDQPIv4qo7bMhSk,Company,If You're Reading This It's Too Late,252640,0.651,0.55,7,-8.215,0.0496,0.0403,0.0,0.165,0.119,107.567
spotify:track:2YaDRtIlQiZ5WDDB2YuEOC,You & The 6,If You're Reading This It's Too Late,264906,0.545,0.476,7,-7.444,0.284,0.168,0.0,0.13,0.223,154.362
spotify:track:7JXZq0JgG2zTrSOAgY8VMC,Jungle,If You're Reading This It's Too Late,320400,0.697,0.235,7,-8.651,0.0534,0.62,0.000144,0.107,0.378,99.947
spotify:track:5mZJwWdxAOR4xUvSGZvvMU,6PM In New York,If You're Reading This It's Too Late,283306,0.554,0.85,5,-4.155,0.251,0.107,0.0,0.155,0.383,128.429
spotify:track:4MOy68Xuz84lkfu1NQH6Bg,Tuscan Leather,Nothing Was The Same (Deluxe),366400,0.597,0.679,6,-5.401,0.39,0.115,0.0,0.231,0.3,79.95
spotify:track:6E1ILfm6wNkA6kautk3mQP,Furthest Thing,Nothing Was The Same (Deluxe),267373,0.484,0.78,9,-5.264,0.135,0.147,0.0,0.057,0.271,137.101
spotify:track:5bm0CcD5R9Nj04QbMvwugt,Started From the Bottom,Nothing Was The Same (Deluxe),174133,0.794,0.522,8,-7.829,0.159,0.0328,0.0,0.156,0.567,86.318
spotify:track:7J8g9TwJYxmO0Xy3L916er,Wu-Tang Forever,Nothing Was The Same (Deluxe),217680,0.832,0.427,8,-8.516,0.257,0.0474,0.0,0.101,0.369,99.935
spotify:track:1dHUNRY8eVXvSo6kvyFyNx,Own It,Nothing Was The Same (Deluxe),251973,0.654,0.342,8,-11.305,0.101,0.0487,3.37e-05,0.313,0.294,103.064
spotify:track:0MmqaSn9dzP5GHxZ933V4l,Worst Behavior,Nothing Was The Same (Deluxe),270186,0.779,0.799,9,-6.359,0.15,0.158,0.0,0.209,0.414,109.944
spotify:track:5eCRkTcecpAXVWtS11GP5C,From Time,Nothing Was The Same (Deluxe),322160,0.738,0.491,1,-9.726,0.413,0.626,0.0,0.126,0.448,94.378
spotify:track:6GCsFtfTR4R9Y0ECkFJhNr,"Hold On, We're Going Home",Nothing Was The Same (Deluxe),227880,0.776,0.413,6,-7.438,0.0952,0.00415,2.68e-05,0.0724,0.287,100.003
spotify:track:4AUo4CPTghr09esofcujq2,Connect,Nothing Was The Same (Deluxe),296413,0.683,0.488,6,-9.473,0.135,0.408,0.0,0.132,0.469,75.039
spotify:track:4yQqhoEeRcsMfr7tqEea7f,The Language,Nothing Was The Same (Deluxe),224013,0.831,0.651,1,-8.363,0.437,0.0125,0.0,0.0809,0.502,120.064
spotify:track:7wbClNblLd3hkosmuYAdN9,305 To My City,Nothing Was The Same (Deluxe),255853,0.419,0.494,4,-8.782,0.345,0.0567,0.0,0.144,0.134,67.622
spotify:track:4XKBoqWQjPdNM4t0znWu7E,Too Much,Nothing Was The Same (Deluxe),261853,0.637,0.569,6,-5.858,0.55,0.173,0.0,0.18,0.148,140.269
spotify:track:7EAI848gzAJpFsEmk6Wi3c,Pound Cake / Paris Morton Music 2,Nothing Was The Same (Deluxe),433800,0.521,0.762,2,-6.75,0.534,0.139,1.11e-05,0.114,0.264,164.289
spotify:track:3eN46sMTppXYMAyWi37wn1,Come Thru,Nothing Was The Same (Deluxe),236360,0.558,0.468,3,-5.812,0.173,0.159,0.0,0.586,0.405,81.977
spotify:track:7y911sqgHGHcyU4ivapjwi,All Me,Nothing Was The Same (Deluxe),270866,0.67,0.515,1,-6.977,0.397,0.0705,0.0,0.25,0.422,122.006
spotify:track:3rE5PBReux0vbrIqbWFLnt,Tuscan Leather,Nothing Was The Same,366400,0.522,0.679,6,-5.401,0.405,0.114,0.0,0.231,0.296,79.849
spotify:track:7EdJ8z6IBotTjO50DfzzuV,Furthest Thing,Nothing Was The Same,267373,0.484,0.78,9,-5.264,0.135,0.147,0.0,0.0572,0.271,137.105
spotify:track:5DI9jxTHrEiFAhStG7VA8E,Started From the Bottom,Nothing Was The Same,174133,0.793,0.524,8,-7.827,0.156,0.0319,0.0,0.156,0.579,86.325
spotify:track:5LAKjqbB5uurPpxFEicd9S,Wu-Tang Forever,Nothing Was The Same,217680,0.836,0.427,8,-8.516,0.27,0.0474,0.0,0.101,0.368,99.912
spotify:track:7pjJBo6DULg6YK66PA8v7r,Own It,Nothing Was The Same,251973,0.653,0.341,8,-11.305,0.102,0.0481,3.51e-05,0.312,0.292,103.061
spotify:track:48RN2EOOyG2Gs5Pyla7ZJj,Worst Behavior,Nothing Was The Same,270186,0.78,0.799,9,-6.359,0.15,0.158,0.0,0.209,0.414,109.944
spotify:track:0GaBIpyHvytM1UBYmqXu08,From Time,Nothing Was The Same,322160,0.739,0.491,1,-9.726,0.413,0.626,0.0,0.126,0.448,94.391
spotify:track:2aSC2xhRxOLiiZZVjhbylH,"Hold On, We're Going Home",Nothing Was The Same,227880,0.777,0.414,6,-7.44,0.0946,0.00421,2.73e-05,0.0724,0.287,100.002
spotify:track:4K3BhUMfBHZuUfeC3kbhrQ,Connect,Nothing Was The Same,296413,0.683,0.49,6,-9.469,0.135,0.406,0.0,0.132,0.465,75.03
spotify:track:3IQgeOgdHIag6mu0mgKRgQ,The Language,Nothing Was The Same,224013,0.831,0.651,1,-8.363,0.437,0.0125,0.0,0.0809,0.502,120.065
spotify:track:5ThJAPtuOCTV8owZUop495,305 To My City,Nothing Was The Same,255853,0.419,0.495,4,-8.781,0.348,0.056,0.0,0.144,0.132,67.622
spotify:track:6UgxOrbHWJeqHvh0ost7Aa,Too Much,Nothing Was The Same,261853,0.681,0.569,6,-5.859,0.546,0.173,0.0,0.18,0.147,140.532
spotify:track:4NVNapccSX7E5JLiW0uQEy,Pound Cake / Paris Morton Music 2,Nothing Was The Same,432853,0.52,0.761,2,-6.75,0.536,0.139,1.13e-05,0.114,0.264,164.083
spotify:track:2Gnsof1hvZzjE1xdLRpjtf,Over My Dead Body,Take Care (Deluxe),272573,0.489,0.57,1,-10.291,0.306,0.759,2.1e-06,0.179,0.584,185.516
spotify:track:6Z01gUquJsjJC67uNWm6P0,Shot For Me,Take Care (Deluxe),224720,0.566,0.465,2,-11.714,0.235,0.0555,0.0,0.567,0.177,143.015
spotify:track:6LxSe8YmdPxy095Ux6znaQ,Headlines,Take Care (Deluxe),235986,0.636,0.566,6,-7.16,0.106,0.365,0.000353,0.0917,0.425,151.894
spotify:track:0V4l4GQhgnWQGtCWpvA7va,Crew Love,Take Care (Deluxe),208813,0.418,0.546,0,-9.057,0.238,0.227,0.0,0.229,0.294,160.152
spotify:track:124NFj84ppZ5pAxTuVQYCQ,Take Care,Take Care (Deluxe),277386,0.629,0.515,0,-10.358,0.265,0.0267,1.22e-05,0.0888,0.299,121.845
spotify:track:047fCsbO4NdmwCBn8pcUXl,Marvins Room,Take Care (Deluxe),347226,0.492,0.26,9,-17.341,0.0921,0.646,0.00178,0.0705,0.312,111.519
spotify:track:1ZyudLFv35SRvY5SvTZqJx,Buried Alive Interlude,Take Care (Deluxe),150960,0.711,0.543,0,-12.692,0.112,0.412,0.0,0.505,0.801,102.01
spotify:track:1D9XLqQp2YYiOxrr5KLb8K,Under Ground Kings,Take Care (Deluxe),212613,0.487,0.712,8,-7.323,0.27,5.2e-05,0.0,0.198,0.397,156.209
spotify:track:7udsBKuqnJ5csWTAkR0vEI,We'll Be Fine,Take Care (Deluxe),247946,0.386,0.488,1,-7.303,0.422,0.00171,0.0,0.64,0.217,193.397
spotify:track:7yfg0Eer6UZZt5tZ1XdsWz,Make Me Proud,Take Care (Deluxe),219893,0.684,0.486,1,-10.155,0.132,0.00268,0.000148,0.157,0.355,131.913
spotify:track:1QBwk6GTCxVdC2hoSw9tlM,Lord Knows,Take Care (Deluxe),307640,0.417,0.887,5,-5.551,0.367,0.0786,0.0,0.834,0.303,167.579
spotify:track:2FbGlEPAjNhWvrVvlentVq,Cameras / Good Ones Go Interlude - Medley,Take Care (Deluxe),434960,0.441,0.403,2,-11.18,0.147,0.255,1.27e-05,0.13,0.158,139.92
spotify:track:4eSGSqP2TZvvX0kadZZttM,Doing It Wrong,Take Care (Deluxe),265120,0.397,0.172,6,-15.698,0.0445,0.841,6.78e-05,0.108,0.123,101.275
spotify:track:74atKkOasLOVzvqB6mYgga,The Real Her,Take Care (Deluxe),321080,0.567,0.309,8,-14.254,0.385,0.166,0.0,0.12,0.509,65.041
spotify:track:7t1lBIr3WIEtqQEOdZFMUf,Look What You've Done,Take Care (Deluxe),301960,0.495,0.351,3,-14.669,0.34,0.485,0.0,0.0967,0.271,134.369
spotify:track:0m1KYWlT6LhFRBDVq9UNx4,HYFR (Hell Ya Fucking Right),Take Care (Deluxe),206626,0.444,0.627,7,-8.744,0.252,0.123,0.0,0.0795,0.359,98.21
spotify:track:0jF2AdhsalO1L7KkhK4LE5,Practice,Take Care (Deluxe),237733,0.446,0.239,1,-15.327,0.0876,0.574,7.76e-05,0.12,0.31,104.675
spotify:track:4xRxYWgAtL6pzRz94GlZlA,The Ride,Take Care (Deluxe),351000,0.556,0.702,0,-10.079,0.205,0.517,0.0,0.343,0.793,155.948
spotify:track:4Kz4RdRCceaA9VgTqBhBfa,The Motto,Take Care (Deluxe),181573,0.766,0.442,1,-8.558,0.356,0.000107,6.12e-05,0.111,0.39,201.8
spotify:track:73tgFzBug5Ifk1Retdtwk7,Fireworks,Thank Me Later,313280,0.55,0.758,0,-6.472,0.347,0.433,0.0,0.162,0.53,89.368
spotify:track:5bDEA48Dxyxoc3K4Dt7yRE,Karaoke,Thank Me Later,227960,0.758,0.654,0,-7.097,0.116,0.00879,0.0258,0.0797,0.949,151.008
spotify:track:0llA0pYA6GpGk7fTjew0wO,The Resistance,Thank Me Later,225360,0.547,0.741,0,-8.127,0.163,0.822,0.0,0.117,0.637,82.589
spotify:track:6BdgtqiV3oXNqBikezwdvC,Over,Thank Me Later,233560,0.35,0.845,7,-5.614,0.2,0.0107,0.0,0.123,0.45,99.643
spotify:track:7v0hKO3RYhEXt2EPXf4AOS,Show Me A Good Time,Thank Me Later,210360,0.667,0.734,6,-6.064,0.119,0.0386,0.0,0.108,0.704,128.318
spotify:track:75L0qdzRnhwV62UXoNq3pE,Up All Night,Thank Me Later,234333,0.606,0.811,7,-4.667,0.278,0.00782,1.49e-05,0.349,0.276,156.347
spotify:track:3fpTMuD1u3gJlVI4FadVHs,Fancy,Thank Me Later,319386,0.53,0.884,0,-5.581,0.457,0.332,1.98e-06,0.355,0.28,87.194
spotify:track:3d8PDk3B4am5c6TsUCznUW,Shut It Down,Thank Me Later,419306,0.59,0.434,9,-9.298,0.069,0.411,0.0,0.0979,0.399,119.905
spotify:track:5LZ0ZCRXrklIpnzn4Tcyde,Unforgettable,Thank Me Later,213813,0.546,0.87,4,-5.107,0.114,0.103,0.0,0.111,0.071,156.145
spotify:track:0PWQqF5PvqRq0OPLSH0FKI,Light Up,Thank Me Later,274146,0.472,0.908,8,-5.991,0.45,0.0936,0.0,0.15,0.198,172.924
spotify:track:1U4mweNwisxNj23ffuC9gO,Miss Me,Thank Me Later,305520,0.426,0.862,2,-5.979,0.597,0.0813,0.0,0.34,0.332,100.3
spotify:track:2G7QCDuRM7rTj0pX21e0xk,Cece's Interlude,Thank Me Later,154120,0.473,0.603,9,-6.875,0.0319,0.0549,6.25e-06,0.115,0.234,94.984
spotify:track:4BycRneKmOs6MhYG9THsuX,Find Your Love,Thank Me Later,208946,0.627,0.614,6,-6.006,0.17,0.0211,0.0,0.0286,0.758,96.038
spotify:track:3cBUv0RIoEyAm2b7qimEY6,Thank Me Now,Thank Me Later,328573,0.495,0.772,8,-4.851,0.425,0.282,0.0,0.119,0.748,71.295
spotify:track:1v24T2ug4TlssYZvI3aL4O,Lust For Life,So Far Gone,176179,0.462,0.422,6,-10.381,0.175,0.939,0.0327,0.108,0.0853,87.364
spotify:track:3XLSlQLJf3Ut0zvMUxnF1h,Houstatlantavegas,So Far Gone,290791,0.683,0.695,1,-6.798,0.0574,0.393,0.00124,0.124,0.406,135.337
spotify:track:6NwhtCYkfwWlcR62Ac4E7y,Successful (feat. Trey Songz & Lil Wayne),So Far Gone,375050,0.562,0.544,8,-5.065,0.369,0.536,0.0,0.17,0.231,159.517
spotify:track:4FDSPGncHRpr6yB8DD4CtI,Let’s Call It Off (feat. Peter Bjorn and John),So Far Gone,234175,0.79,0.731,9,-4.607,0.0327,0.00427,0.29,0.157,0.938,127.403
spotify:track:0JaVdpmiex2EP7bBzyKVTa,November 18th,So Far Gone,188189,0.749,0.476,11,-11.147,0.507,0.579,0.0,0.1,0.534,71.937
spotify:track:2hcohLIysMxofYziluXCoX,Ignant Shit (feat. Lil Wayne),So Far Gone,302492,0.591,0.846,7,-3.687,0.276,0.186,0.0,0.463,0.121,94.795
spotify:track:3lkkkYc1wBj5l3FVlpqvP6,A Night Off (feat. Lloyd),So Far Gone,193962,0.611,0.508,11,-5.573,0.0741,0.374,3.87e-06,0.168,0.368,103.612
spotify:track:7mPoCVGP752A5DtHf1SKkM,Say What's Real,So Far Gone,230717,0.462,0.773,8,-5.375,0.288,0.632,0.0,0.212,0.455,86.157
spotify:track:524wvipGqxPKYWxkjf9y46,Little Bit (feat. Lykke Li),So Far Gone,230484,0.758,0.888,11,-4.899,0.0374,0.0999,0.0336,0.661,0.771,120.392
spotify:track:3QLjDkgLh9AOEHlhQtDuhs,Best I Ever Had,So Far Gone,257690,0.395,0.922,1,-2.176,0.375,0.19,0.0,0.134,0.558,162.361
spotify:track:2TWSilrWcTrgVKcP8kfEfg,Unstoppable (feat. Santigold & Lil Wayne),So Far Gone,209957,0.774,0.912,2,-2.787,0.347,0.165,0.0,0.745,0.821,150.083
spotify:track:0q7LGcVSpsIoSbjChtZ8lI,Uptown (feat. Bun B & Lil Wayne),So Far Gone,382262,0.416,0.824,1,-3.075,0.343,0.00391,0.0,0.104,0.417,85.433
spotify:track:43iKgGbmfqPLh3mxUlospI,Sooner Than Later,So Far Gone,262046,0.616,0.501,5,-5.722,0.24,0.178,1.2e-05,0.105,0.506,94.554
spotify:track:4i3GraNMzBKze1WsVl38DS,Bria's Interlude (feat. Omarion),So Far Gone,139574,0.49,0.507,2,-6.205,0.0849,0.209,0.00104,0.119,0.237,147.037
spotify:track:6MlGqWzDiLkZ0vmAEsisEk,The Calm,So Far Gone,243723,0.471,0.784,11,-8.25,0.883,0.819,1.13e-05,0.107,0.258,160.833
spotify:track:6hHKFReuQR9VQp39ev43wY,Outro (feat. Chilly Gonzales),So Far Gone,174398,0.397,0.0906,5,-21.655,0.054,0.988,0.856,0.344,0.136,185.167
spotify:track:4XTXamS1g4g93jPxyuFJJ6,Brand New,So Far Gone,213492,0.399,0.491,6,-8.992,0.0714,0.631,0.0,0.171,0.356,94.542
spotify:track:3SnXwQUrvSacFziUYXTNKY,Congratulations,So Far Gone,332529,0.333,0.859,6,-2.286,0.148,0.0185,0.0,0.22,0.125,86.882
spotify:track:0O9WkgPDfZ7A9DMDocF6ur,MELTDOWN (feat. Drake),MELTDOWN (feat. Drake),246133,0.557,0.774,7,-5.275,0.351,0.012,0.0,0.396,0.397,111.975
spotify:track:1L0OmJV0LnPDWuHCIGmBV6,On The Radar Freestyle,On The Radar Freestyle,275280,0.615,0.632,1,-8.539,0.292,0.108,0.0,0.129,0.194,150.126
spotify:track:4kJn7armCJDav48yCu3yKh,MELTDOWN (feat. Drake) - Instrumental,MELTDOWN (feat. Drake) [Instrumental],247333,0.583,0.478,7,-6.742,0.0465,0.000219,0.883,0.393,0.172,111.989
spotify:track:40EXFgNMOIQRQOwJZ8mJkC,Who Told You (feat. Drake),Who Told You (feat. Drake),208917,0.646,0.743,11,-4.572,0.338,0.147,0.0,0.101,0.891,151.314
spotify:track:7aRCf5cLOFN1U7kvtChY1G,Search & Rescue,Search & Rescue,272112,0.817,0.44,10,-8.482,0.0734,0.0603,1.42e-06,0.33,0.544,142.024
spotify:track:6rb3wFQ66EWR7DcPG0oEE1,We Caa Done (feat. Drake),We Caa Done (feat. Drake),245240,0.568,0.76,1,-6.455,0.275,0.0431,1.53e-05,0.18,0.481,100.042
spotify:track:0g2Bbgy7P41pFjMWJuzsf4,STAYING ALIVE (feat. Drake & Lil Baby),STAYING ALIVE (feat. Drake & Lil Baby),178176,0.718,0.461,4,-7.676,0.0797,0.068,0.0,0.283,0.181,129.953
spotify:track:1aQjCPrIvQm5cfY7FhAOhq,Over The Top (feat. Drake),Over The Top (feat. Drake),153406,0.833,0.498,10,-5.196,0.117,0.0493,0.0,0.119,0.259,139.928
spotify:track:7gNB9Xa5NBY2Y8tFmpOlwk,Seeing Green (with Drake & Lil Wayne),Seeing Green,339506,0.465,0.859,5,-2.893,0.225,0.0762,5.18e-06,0.377,0.208,72.193
spotify:track:3aQem4jVGdhtg116TmJnHz,What’s Next,Scary Hours 2,178153,0.781,0.594,0,-6.959,0.0485,0.0136,0.0,0.162,0.0628,129.895
spotify:track:65OVbaJR5O1RmwOQx0875b,Wants and Needs (feat. Lil Baby),Scary Hours 2,192956,0.578,0.449,1,-6.349,0.286,0.0618,2.17e-06,0.119,0.1,136.006
spotify:track:4FRW5Nza1Ym91BGV4nFWXI,Lemon Pepper Freestyle (feat. Rick Ross),Scary Hours 2,383036,0.77,0.637,1,-5.53,0.345,0.103,0.0,0.171,0.431,94.966
spotify:track:6EW1fwOk4JHmTZKINZsyjB,B.B. King Freestyle (with Drake),B.B. King Freestyle,222801,0.664,0.553,11,-8.316,0.415,0.455,0.0,0.181,0.722,87.009
spotify:track:3q6TQTEbiLNv3RfNQfPgo3,You’re Mines Still (feat. Drake),You’re Mines Still (feat. Drake),226220,0.575,0.609,5,-4.88,0.121,0.317,0.0,0.105,0.339,83.004
spotify:track:2SAqBLGA283SUiwJ3xOUVI,Laugh Now Cry Later (feat. Lil Durk),Laugh Now Cry Later (feat. Lil Durk),261492,0.761,0.518,0,-8.871,0.134,0.244,3.47e-05,0.107,0.522,133.976
spotify:track:6R1eAccx1fnh8P5HhFzn84,TWIST & TURN (feat. Drake & PARTYNEXTDOOR),TWIST & TURN (feat. Drake & PARTYNEXTDOOR),259651,0.571,0.747,7,-4.659,0.17,0.478,0.0,0.116,0.635,106.253
spotify:track:4OENnoidV0h8gJV6bhrw7r,Only You Freestyle,Only You Freestyle,248936,0.68,0.826,5,-2.561,0.27,0.562,0.0,0.254,0.804,146.95
spotify:track:6EDO9iiTtwNv6waLwa1UUq,POPSTAR (feat. Drake),POPSTAR (feat. Drake),200221,0.8,0.56,5,-4.818,0.261,0.057,0.0,0.134,0.45,163.071
spotify:track:35RJhm1pEovTBwnNR0zWad,GREECE (feat. Drake),GREECE (feat. Drake),218901,0.695,0.343,5,-10.798,0.0432,0.0743,1.04e-06,0.107,0.229,85.84
spotify:track:127QTOFJsJQp5LbJbu3A1y,Toosie Slide,Toosie Slide,247058,0.834,0.454,1,-9.75,0.201,0.321,6.15e-06,0.114,0.837,81.618
spotify:track:4AtXMDQiztBcGVcLTBrcCQ,LOYAL (feat. Drake and Bad Bunny) [Remix],LOYAL (feat. Drake and Bad Bunny) [Remix],281119,0.878,0.528,0,-6.237,0.0462,0.477,0.00149,0.094,0.422,104.986
spotify:track:5yY9lUy8nbvjM1Uyo1Uqoc,Life Is Good (feat. Drake),Life Is Good (feat. Drake),237735,0.676,0.609,2,-5.831,0.481,0.0706,0.0,0.152,0.508,142.037
spotify:track:13NAmCCRYxRcr2NEtiWGa8,LOYAL (feat. Drake),LOYAL (feat. Drake),197973,0.865,0.53,0,-6.347,0.0491,0.511,0.00149,0.0946,0.203,104.948
spotify:track:5Wcvle7c2jTMh5FFimP6Dw,Ela É do Tipo (feat. Drake) [Remix],Ela É do Tipo (feat. Drake) [Remix],212432,0.576,0.524,6,-5.428,0.24,0.89,0.0,0.108,0.716,99.384
spotify:track:621hMmYrgWG3caSFtbZg2p,Behind Barz - Bonus,Behind Barz (Bonus),163120,0.854,0.554,8,-4.684,0.172,0.769,1.84e-06,0.0749,0.272,142.072
spotify:track:3kCwyvhvVTyehIzYN2I0nF,Omertà,The Best In The World Pack,219506,0.646,0.899,6,-2.232,0.298,0.0337,0.0,0.232,0.685,164.119
spotify:track:5ry2OE6R2zPQFDO85XkgRb,Money In The Grave (Drake ft. Rick Ross),The Best In The World Pack,205426,0.831,0.502,10,-4.045,0.046,0.101,0.0,0.122,0.101,100.541
spotify:track:3Ueq2zboxwAbsvHrOjdEqz,MIA (feat. Drake),MIA (feat. Drake),210367,0.817,0.539,6,-6.349,0.0621,0.0141,0.000496,0.099,0.158,97.061
spotify:track:7165YDcOpr9yEypbdpU6fa,Look Alive (feat. Drake),Look Alive (feat. Drake),181263,0.922,0.581,10,-7.495,0.269,0.00104,5.91e-05,0.105,0.595,140.022
spotify:track:4haJoBPbPj9QFKNpp9e8kx,Diplomatic Immunity,Diplomatic Immunity,255866,0.654,0.839,9,-5.076,0.443,0.00531,0.0,0.308,0.549,74.886
spotify:track:6Na5uKk5SsqZimk0hAWo8y,Signs,Signs,234373,0.794,0.735,0,-4.204,0.054,0.108,0.00578,0.112,0.223,107.374
spotify:track:7KcGEssn7BnJdTgildK5y0,No Frauds,No Frauds,272453,0.867,0.558,1,-6.975,0.258,0.0884,4.05e-06,0.541,0.432,139.061
spotify:track:7wNpJcBDJlIVWCX8NYBKQj,Wanna Know Remix (feat. Drake),Wanna Know Remix (feat. Drake),199019,0.718,0.507,4,-8.595,0.0445,0.0741,3.21e-05,0.241,0.198,100.008
spotify:track:3m62bJJXGyQKdR9XyRocnl,"Two Birds, One Stone","Two Birds, One Stone",238960,0.529,0.838,8,-2.619,0.212,0.337,0.0,0.127,0.355,88.052
spotify:track:4ckuS4Nj4FZ7i3Def3Br8W,Sneakin’,Sneakin’,251333,0.806,0.558,8,-6.538,0.172,0.00496,1.45e-06,0.16,0.26,85.011
spotify:track:4JDZl9nKIAhAhDjw753u4X,For Free (feat. Drake),For Free (feat. Drake),183695,0.916,0.571,10,-8.241,0.2,0.0173,1.11e-06,0.153,0.498,103.521
spotify:track:23NWj2izXAJ4yL6Nah73wf,Pop Style,Pop Style,209453,0.789,0.488,4,-9.093,0.227,0.179,7.94e-06,0.104,0.0644,133.114
spotify:track:3eGWxMyTyTmH3dHbJeWWv6,Come and See Me (feat. Drake),Come and See Me (feat. Drake),235477,0.77,0.347,2,-10.265,0.0623,0.0511,2.57e-06,0.087,0.0583,84.957
spotify:track:1PWnjvzT5Jhpfnh96DRNDh,Best I Ever Had,Best I Ever Had,258800,0.441,0.904,1,-2.636,0.359,0.102,0.0,0.196,0.529,161.74
